played_word,word_score
idąą,26
piklowni,77
modę,7
emfaz,9
rywale,9
ptoz,7
buna,10
cong,5
in,1
wiccę,10
gahitu,11
naośi,8
barć,22
krewa,8
tó,5
hewei,7
do,2
żganim,12
dojena,7
sypnij,9
skra,4
szkwle,6
jeńze,10
ny,4
ku,0
aa,1
on,1
in,1
we,2
my,2
biz,1
fazo,16
orośe,13
dnaą,8
hanyi,7
bulce,8
spawk,8
zóz,6
nać,21
złe,4
iw,1
grep,10
wałęa,20
bolas,6
hajc,13
wirnk,8
erc,2
wesee,5
do,2
diaki,6
zacio,6
upitoi,8
upitoisz,1
cong,7
niżan,8
kenes,10
aj,3
do,1
as,1
my,2
on,2
as,1
uz,3
as,1
mu,2
głowo,18
solisz,8
joniah,8
mamk,15
omązanym,61
udal,8
gaż,6
czyj,10
eś,5
aa,1
causi,10
stopiw,8
opromeni,59
merdz,10
dań,9
oktan,6
ził,2
wylał,6
słówk,11
negrow,7
zmięce,9
chmuz,8
fatiek,12
iw,1
we,1
ny,4
nać,7
obi,4
esej,5
rębają,30
kaftn,11
zwied,5
myrr,6
osepe,4
idioć,20
ledoa,21
aj,3
da,1
zżutm,11
blekoce,13
paróo,14
soby,8
anoniy,6
łajn,24
lot,3
krząt,6
szwem,7
pigwę,7
wlaza,7
czai,4
hiw,4
muś,8
epk,4
in,1
as,1
we,1
in,2
my,2
as,1
obrzęde,72
eolitai,16
stanget,15
pąd,7
dawcw,18
ośla,8
tyłk,6
szem,3
noks,4
właź,22
hisi,5
deizem,6
nieośla,6
in,2
zań,22
pań,3
radgski,9
ceorowi,7
fajiy,12
małż,12
muzy,4
umm,5
as,1
aj,6
in,1
uz,3
pf,6
iw,1
in,1
on,2
ras,1
bór,24
osuwy,16
napływó,16
sangh,8
ny,2
witez,10
zeń,8
oścai,9
lane,8
as,2
do,1
limac,11
chryj,14
nati,4
hasłe,27
wojam,16
cezą,17
kwil,4
zooi,4
bliż,9
pink,5
terb,4
gidi,4
deri,4
sądź,12
piw,2
oćm,8
pf,5
in,1
my,0
gaż,4
uz,3
aa,1
iw,0
we,1
rob,8
czy,3
zsiekę,22
zeus,5
zalewo,6
raźa,11
rżąy,17
fity,12
zbywa,14
pss,3
ewe,2
ny,2
dymneu,12
locj,10
wiró,7
pani,8
kiś,12
ibo,3
jeńa,9
rozryła,6
hepać,18
siliło,6
stalic,10
gangi,8
iktah,7
mim,4
da,2
aj,4
on,1
we,1
da,9
in,1
gej,12
ręc,3
nonoa,10
legoań,18
bódbyś,17
zeskuany,66
tyłk,21
kozine,7
pąd,4
cha,3
we,1
on,1
irenisę,10
wsypó,8
chordai,16
agencj,9
pilić,17
alfa,6
ubariła,15
delegoań,1
witam,6
ras,1
miewją,13
geg,1
as,1
da,1
uz,9
ku,2
as,1
mh,10
do,1
pijaj,20
jadzę,18
borcan,8
potruć,16
ozłaa,11
emezi,18
pewna,5
iw,6
borcany,2
in,1
etapoa,6
dziś,10
żuwk,8
eros,6
heló,6
nygo,6
mh,3
yor,2
alefmi,12
gildi,8
sanó,7
wikina,5
dań,7
esał,2
oku,1
aa,1
we,1
aa,2
in,0
uz,4
da,3
mh,2
on,1
ny,2
wcięł,24
rząpc,9
uwu,10
ośle,9
showmni,11
dzióem,22
agate,9
syreką,21
eś,1
kręć,9
naddrk,8
epod,12
ciszż,18
udy,15
lejb,14
mżyst,7
zbioą,6
hak,4
wepai,4
eonizy,6
nizała,8
halit,12
we,1
ku,0
aa,1
in,2
we,1
aa,1
ny,1
aj,3
chęc,24
mircen,8
lepuą,12
muś,5
on,1
unizy,24
łbm,5
hafnoe,11
myje,21
wazo,3
achtl,7
begi,10
dzyń,11
dnień,7
onkł,9
pozo,15
iw,1
raźią,15
szalano,1
leiw,6
kirs,6
stawkó,11
drapałbm,8
piejey,8
zada,2
szal,3
iw,1
aa,1
brr,4
da,2
do,1
in,1
as,1
tó,2
tanin,8
fetą,12
udeczi,16
mopsoatą,10
mulizy,27
pink,8
wyłkł,5
my,8
wytlę,10
ryże,11
nać,7
abaj,13
azowsi,15
spocim,7
wiśna,12
weng,3
walą,7
wył,4
hebd,11
carz,6
hojny,9
uprań,11
dil,8
we,1
tą,0
ny,3
szai,3
da,2
zóz,6
kie,3
weng,3
pampr,16
rylcoy,11
zyfa,11
zębc,6
wlałe,24
dadz,5
mh,3
tam,4
do,2
aj,3
in,1
kacó,9
tęsnił,12
usarsc,21
ożenć,18
zairoi,6
żeni,6
hyme,6
endoiia,7
wan,4
cwańze,12
krakuj,9
wiązi,8
salmin,6
kub,6
eś,5
in,1
da,1
eś,1
woź,10
on,1
ny,6
pagu,12
uleźi,14
eś,10
łyse,12
mandal,9
dań,14
złami,12
nypi,5
hiw,4
aj,3
gaż,18
zagniw,7
zawisac,8
rozrą,8
hajc,13
wtrómy,11
pók,12
dil,5
peso,5
biz,1
salonie,7
zyzi,4
beretu,12
tłumi,7
gażo,1
feny,6
klonoać,12
we,1
we,1
tą,2
da,2
iw,1
as,1
in,1
ras,1
zwalas,14
rondeowi,58
cyngi,24
sańi,9
żuk,18
paź,11
mątw,8
tą,4
truchtoi,63
fenolac,12
lekac,12
gębe,9
ird,3
eś,5
mh,3
on,1
kuzyami,11
dogleowi,12
obfiych,10
imbiry,7
orawki,6
iła,4
ny,1
as,1
we,1
łeż,4
epk,3
aj,12
wiśna,18
hydran,15
epiklz,21
lękłm,14
scalam,16
dwa,9
bad,7
wizi,2
iryjcy,11
ofite,10
pogią,21
kumań,15
hyze,7
terb,2
prawie,6
kassaw,8
anieicę,10
śceżyn,11
oposi,5
ewe,1
ku,3
tó,5
aa,1
do,1
ny,1
as,1
my,2
ził,4
erb,4
tó,2
amidaz,16
dżatk,12
pan,12
zarib,9
totae,15
śnła,10
fier,7
we,2
kpć,12
maila,10
kline,10
fotonoi,5
ghu,9
seny,15
epk,6
sycząymi,64
zawiasi,5
kasety,6
jełoo,9
rozbic,8
wór,6
pss,2
uz,3
mu,3
da,2
da,4
aj,3
iw,1
we,1
maję,7
rós,14
lisieo,6
okłoowi,18
chrapię,39
sikim,21
efor,7
gnaj,7
wam,3
błote,11
pralay,11
caud,10
hipizem,8
soja,12
ryzyuj,12
cny,2
we,1
nabłotego,3
zżyw,10
dźgań,20
debit,8
landa,4
parte,5
in,1
iw,1
do,2
da,1
eee,2
ny,1
zgnaj,1
wtó,16
wińci,11
pijatka,11
obrywane,62
umykł,10
grr,10
maarwi,21
as,1
gadc,9
aorta,10
hałdo,18
nalać,10
esej,15
kuźi,16
łonu,3
nyss,1
iżbm,10
pecet,6
szewcoa,7
hizpy,6
chalif,12
fonole,6
uz,1
pf,0
da,2
ny,2
eś,5
uz,1
in,1
iw,1
we,1
as,1
aa,4
fake,8
adhezj,9
sańi,8
piegż,11
apism,9
tamty,9
czyj,12
łóż,8
ny,2
sznel,5
wpin,5
do,2
por,2
amylu,15
nići,14
caso,3
sra,2
sunde,10
wyłowe,8
swęzeniu,64
porywie,5
lesbah,10
ginąc,10
odo,3
do,1
ku,2
iw,3
iw,1
we,1
in,1
on,1
eś,5
tmz,4
mapet,16
zaleź,13
pożg,16
etycce,11
azyni,8
wełno,12
legata,15
aj,12
huert,14
oazókę,13
sfery,11
wibamy,24
ideią,11
zip,6
znoil,4
ny,1
odkuwe,9
sień,9
pożgły,5
bligo,7
tagmmi,10
gwani,4
mh,2
do,2
as,1
odo,1
aj,3
on,1
son,1
yer,2
abazj,18
zgońe,19
fizzwi,27
wież,17
pitem,7
maśc,8
kapp,6
in,1
holowało,61
ubywj,15
cykatoą,28
gejsz,14
adenk,10
hoc,12
nęda,6
łyp,2
sielawa,6
insula,5
riuzy,6
kiesc,7
drinó,8
ład,12
iw,1
my,2
aa,1
da,2
do,1
my,2
we,1
erc,4
zżyw,18
znalały,10
wsypę,11
irch,10
izofo,16
adwar,18
plenu,24
atem,5
ćwikił,17
lepuą,16
gzik,9
biją,7
tworow,8
unośe,8
da,2
ssani,4
istmy,4
gońce,12
irchy,2
ektaje,8
łodygah,9
tó,5
my,2
as,1
we,1
ny,1
pab,5
aa,1
tmz,3
zooi,3
geniz,14
dzióali,16
milić,17
gratk,10
nif,6
wlec,5
mroziły,24
enzotia,59
wpisy,18
kanba,10
ascez,6
odrw,15
janosk,9
schabow,17
dyoowe,7
kanbay,2
mezoniu,8
parsun,9
pąs,7
eś,5
aa,2
my,2
as,1
dań,7
łeż,6
tafle,22
mgłoe,13
zaćwerka,64
plasną,30
swyi,6
mielż,15
paź,10
słę,6
on,2
in,1
bajca,9
ató,12
wyuc,9
rodoi,6
zmasu,18
kupo,7
do,2
kie,2
enemch,8
wyszyć,7
zaćwerkaniu,3
bojeach,13
trópaki,9
moa,4
eś,6
iw,1
on,1
da,3
ku,2
ny,2
zią,2
grr,4
każdz,22
napór,9
chuć,9
tiagl,13
tobok,6
rzezak,10
gres,5
gacil,6
do,4
aa,1
rwą,11
biz,4
wety,4
eten,15
wyje,9
mh,15
dońka,10
pf,5
puchó,10
pylił,10
poznany,9
iśćie,7
swyi,5
aszrmu,4
bajal,7
da,1
as,3
mu,2
da,1
do,2
in,1
my,4
aj,3
as,1
we,1
łzę,8
do,6
wygo,6
naśc,8
rozwiozł,58
szarif,27
selwa,8
leće,9
wygolą,2
aa,1
siwił,9
bidny,10
młotah,10
cebró,14
ińka,10
my,2
uz,1
pikadoom,8
naciąnę,13
robiłaym,9
siwiłe,1
skrajm,12
on,1
aj,3
ny,1
ooiy,3
uz,9
we,1
mh,3
hut,8
pot,3
ciżm,20
ociepani,58
syfim,11
anome,8
epiko,10
seny,6
downah,18
palcztki,70
gajerk,11
odeśl,14
her,10
bila,6
tklwa,9
dbj,6
wtó,3
szepnięa,60
wduszam,12
anomeze,2
ułowł,30
hysi,6
parlea,6
aa,1
mu,2
ny,2
sur,2
cher,2
tó,5
tó,2
dmi,10
mipro,6
efi,16
micw,5
woź,12
żuk,21
zeń,15
iłó,8
cny,4
wgrzewć,13
zbite,10
erę,16
tensj,7
inlty,18
paląy,20
baźe,8
czy,1
pawoia,7
osrajy,8
husaze,11
ukłone,9
kalwink,9
opielż,5
ird,2
my,2
on,1
iw,1
as,1
in,1
do,2
eś,5
grr,4
herę,3
paź,24
uczepć,13
doszyłe,9
zwiałe,7
bór,8
wan,5
pań,9
hiw,2
tą,2
dognaje,11
eś,10
fryzon,15
bajbo,24
husaa,9
bety,5
many,2
hiw,3
wymulim,10
widniay,6
rasiski,6
cerace,7
ozony,2
nerdk,12
ny,1
as,2
moa,2
ny,1
ku,2
złe,2
iw,1
solą,8
rioj,12
solici,7
zsycać,14
winyi,5
huar,7
naśc,6
giemy,12
tmz,7
dooru,6
hipki,12
fant,18
bęcku,12
ósmy,8
gińy,11
tampak,10
byłą,11
zairsu,7
nazizy,7
drwi,5
hodowl,7
naśceła,2
łaziw,5
piw,2
in,1
on,1
da,1
on,1
aj,3
tor,2
gdez,5
pomio,14
wyziewal,60
skruco,6
prożk,30
peniań,11
szplas,8
jeja,8
hiw,4
utyłb,11
wydr,5
zgaś,9
łat,10
pąd,7
hifi,14
owadz,5
siamag,9
mętwo,10
rekie,5
szody,5
cielić,24
uz,3
aa,1
aa,1
emc,3
as,1
iłó,6
tor,3
yer,3
czyjmu,20
karuzlom,66
opóje,13
drwieiom,59
erot,8
zeń,8
erę,6
witw,6
gwas,1
ladyskie,80
sapezy,6
huar,7
washah,21
begi,7
dopał,6
capieg,8
byczeia,8
dnieć,9
hyzi,3
kląż,12
ku,2
as,1
do,1
da,2
in,2
pf,5
obit,14
kwitoa,8
merlę,19
samż,17
hysi,6
zbić,16
uśp,7
pajz,8
eee,2
ny,2
por,1
paź,11
mówcy,14
siura,18
azoli,6
heleka,14
ławo,5
izan,6
as,3
on,1
gojąym,15
zamyk,6
daszku,9
biedneu,7
prion,4
serż,2
hiw,3
da,2
in,1
aj,1
ny,1
on,1
iw,1
we,1
szamc,14
wyjęci,14
ucierp,27
giba,14
sańi,16
ślipk,7
serm,4
łza,10
luce,10
szydź,14
badyem,11
zapij,14
figao,10
hak,5
tmz,3
we,1
niełatwe,6
nienysą,9
tarlo,5
podajez,4
dziwł,7
bawż,7
ny,4
on,1
aj,1
eś,6
tó,5
wok,2
on,1
celtę,20
termitoy,61
arach,18
kójież,21
peonaż,7
emolau,16
zośk,14
obi,4
ny,2
cadet,11
garbż,10
gwelach,11
nasp,9
zima,15
uz,9
cez,2
in,1
as,1
bąkały,14
szeng,4
dajne,4
odym,8
okró,4
hiw,2
aa,1
aj,3
kic,3
my,2
as,1
on,1
iw,1
iła,10
bełktać,13
histeez,10
gidy,9
ogamó,9
jeeom,7
nysko,11
żmą,14
wuc,12
piw,2
drabaci,13
sańi,23
stoę,8
chinę,15
eś,10
akwen,15
cez,3
pełniłay,9
zwal,5
ingramw,7
jaczy,7
holi,3
plasną,12
dan,1
in,1
uz,6
da,1
ny,2
iw,1
do,6
as,1
pf,5
pyt,12
owcą,14
woź,10
łajb,15
bielonj,20
zipó,8
olszę,9
ryzu,7
in,1
graweca,8
gath,6
odzywkm,9
hentia,12
leżanią,18
furiey,8
suwa,6
gapca,6
zapart,6
ezom,3
czynel,4
odezom,9
bisu,2
suwam,2
kia,3
czy,4
on,1
in,1
in,1
rós,3
da,2
alpr,12
spałaś,11
piłku,6
nefi,12
bawż,7
aj,1
dezel,12
weseeń,7
kroczn,11
epodó,9
zima,10
bisie,8
woź,12
cynek,10
limy,5
gorso,12
wwa,1
gandaek,7
irbs,5
usial,10
njję,11
rant,4
wesee,5
zbawż,1
ohyom,10
dan,1
ny,2
ku,3
oćm,13
in,1
iw,1
chn,5
aa,1
gają,8
hoc,3
łożu,24
pluję,12
piąc,8
wlizałam,61
zwabi,12
paź,20
pirs,15
ził,2
odkrytc,11
cacace,14
sankaze,61
wateryu,60
duć,20
dań,16
yer,4
wihry,7
gmoach,20
nowen,3
rondio,15
kaszc,6
ninj,4
iw,1
in,1
on,1
as,1
as,1
eee,2
obłożu,4
nawiń,22
silić,16
szkóle,12
mydeł,10
obcoś,10
tabu,9
orfik,10
cepre,6
lizenah,9
wizytoi,10
acanim,21
wglda,24
hajc,14
tęgi,10
da,2
eś,1
zasilić,1
ławie,6
sławie,2
usiały,8
wikoe,5
woź,11
tą,5
ny,2
uz,3
aa,1
my,2
do,1
aj,3
por,3
napisz,14
maźie,15
greża,15
hipoteze,60
chn,12
tyld,18
zemrę,16
eś,5
dal,2
jagł,9
laks,9
raczka,11
farbe,13
wadom,7
odmył,9
odo,1
nakurz,8
saponin,6
nakurzyl,2
ribty,8
tańce,11
wznose,18
in,1
ku,3
aa,2
iw,1
da,1
do,1
in,1
iw,2
aj,3
bronu,18
nowożeńc,67
opij,8
ośći,8
efk,12
ślij,8
mensy,6
wrażą,13
rui,10
indeny,12
chmya,16
szmal,10
wilgła,11
iloci,7
świdrak,7
szokuę,9
tojeć,11
sakai,5
dygałe,9
piw,2
ku,2
opy,5
wen,2
tó,5
as,1
mh,3
ny,2
cny,6
edt,10
syt,3
gładsy,17
horne,21
sekt,7
zygzki,8
zmięce,15
erę,2
remisjah,59
zzuj,7
wszywaj,10
ług,6
cafy,8
mróżę,22
iw,1
zairoi,5
ladio,6
indolet,7
indoletką,7
sektora,3
aa,2
eś,6
aa,1
ku,2
woź,10
ny,1
cny,2
ny,1
żul,20
slotoi,6
raźią,12
kimż,5
danskr,5
bobino,27
wątp,6
gehen,18
zewe,1
omy,1
tyczą,10
sikha,6
zmyleie,9
ojca,9
ilanu,6
pawie,15
gej,6
ras,2
lisieo,8
dydk,10
dermę,11
wyje,8
zbełt,11
zastó,9
as,1
on,1
my,4
da,1
we,1
uz,1
aa,1
aa,1
dań,7
ghu,18
umreć,10
osiłi,12
aj,8
tłoce,14
zwijk,9
piszą,10
dartmor,18
ató,0
ścgany,11
amitza,9
gehen,11
wywab,24
knezowi,12
bryci,8
as,1
zielny,7
oślik,6
cyngi,6
dzielny,2
węzeku,17
maila,5
tó,5
aa,1
on,1
in,3
aa,1
on,1
do,2
prr,3
pf,7
dianó,20
mulizy,10
wylana,6
sur,12
swoje,8
ghat,7
osio,5
miłe,8
rzeżey,8
imać,13
castry,12
rybach,9
afero,27
cez,3
zdun,4
sapań,18
stękan,11
zwyżkuą,28
dipu,5
jaka,5
odom,2
tą,2
we,3
on,1
alib,7
cło,4
ny,3
ził,2
zroś,16
frytą,9
jecać,15
colę,21
spałaś,9
gidi,13
lukoi,10
uz,1
son,1
we,1
jadzą,10
gliwiejm,61
niżą,21
pók,17
prikzy,10
dmi,5
we,1
rozara,5
tknie,5
cycusi,9
webea,6
panewo,5
on,1
łbm,12
tą,2
as,1
on,1
on,1
doyn,12
zeniem,8
obwisa,8
zamyśa,11
lezy,10
rynkm,10
casi,8
mudó,7
węze,3
ulac,9
bieżm,19
gonne,12
febra,10
spoci,21
pad,15
tyj,5
as,1
watah,10
dowiezeniem,5
hiw,4
słę,8
iskrą,11
spocił,3
epk,4
aj,3
uz,3
do,1
in,3
mh,2
on,1
tą,2
aa,1
ku,3
guz,3
pąd,18
jedna,6
yarg,9
zryłyy,24
wety,8
ławnk,7
ciur,5
szafló,14
in,1
muton,12
celny,18
wozodie,14
licheg,13
rznę,17
opranim,8
raczka,7
obżyaj,9
zbyt,6
swej,4
sień,23
listw,6
umm,2
eś,5
aj,1
aa,1
we,1
as,2
do,1
we,2
do,4
in,1
kpć,8
wzuc,14
nóżc,12
dmi,9
ojej,13
okleić,11
ceny,10
ikrz,4
tips,7
ans,2
krway,9
belgai,13
itroy,18
gidy,11
houe,7
hiśie,8
as,3
dozó,1
molarą,11
ogładźe,16
zorzak,6
łyse,5
wonah,6
wieńzmy,13
aa,1
as,1
mod,3
met,3
in,2
do,0
aa,1
in,2
erb,10
lamerz,7
jęklwa,24
angażu,26
dań,9
spikea,7
in,1
ird,1
in,1
lizusk,14
ichmść,22
waró,17
atypi,24
moresy,21
any,8
agio,4
adidaom,8
atomoa,6
suwn,3
obkuc,4
cizim,6
jafsi,30
ku,2
iw,1
kuc,2
lot,4
in,1
zeń,2
wpó,16
hakowe,9
dynią,10
dyska,9
cęgah,33
motyc,11
zaśne,9
tor,3
zapije,14
sztamp,7
olodić,22
saltu,10
naanm,4
zaśneżą,15
kił,5
iw,2
zjednano,58
psowcza,12
grila,7
zią,2
jigm,7
aa,1
eś,1
we,1
do,1
aa,1
we,1
mu,3
ny,2
bio,4
kijku,22
dokrada,10
mąkii,8
wyza,8
wpiłe,6
lez,3
cez,3
nemac,5
eolso,7
bioz,1
son,2
carat,10
rdzy,18
ozwę,12
ny,2
biz,7
pławie,12
katol,14
song,3
dokradaną,6
wydawe,5
kega,6
hifi,9
ulaż,9
in,1
nać,7
śpij,9
ras,1
da,0
my,2
ató,7
as,6
eee,2
aa,1
bio,2
as,1
obi,4
on,1
healrki,72
gbrliwą,22
tałzn,7
niezsypaa,57
diwę,21
myck,8
cen,2
we,1
zapaśny,12
bijatk,11
żga,6
udarnyi,20
pss,7
zeźę,10
lot,5
in,1
basioami,9
aj,3
odrwły,9
donuć,11
twój,8
mod,4
aa,2
sra,2
we,2
iw,1
ny,1
uz,1
on,1
hiw,3
daci,12
ideią,10
aminuę,11
złaźy,15
kyaa,4
lewku,9
hognie,9
jopa,7
piw,3
intelah,10
taplń,15
zjebó,16
masony,18
annale,15
wagiie,8
ny,2
sadzie,5
dozó,7
saab,4
lyc,4
scritu,7
ławrm,24
eś,5
in,1
aa,2
as,0
as,1
we,1
ku,2
kro,4
sahnw,14
winnc,9
żgadom,24
bootlg,33
yard,12
plomy,16
baję,9
tut,3
faen,12
knowała,60
szplas,18
woź,12
eś,5
timby,8
ku,2
as,1
sczaiło,9
okazoa,5
dipie,5
techo,7
szpiea,6
szewk,5
we,1
in,1
do,2
in,1
aj,6
tą,5
uz,3
ewe,1
ird,2
armij,16
tajgi,9
szmir,7
zbił,8
nać,7
any,4
hao,4
wazo,9
mu,2
iw,1
iw,1
żyją,12
akiney,8
prożk,6
łupce,10
konewk,7
hostah,24
erc,1
dzicej,7
armijnm,1
mantyse,16
prymule,6
ocena,5
odom,4
as,1
in,1
mu,3
in,1
edt,3
ku,0
we,1
tó,5
obi,4
dil,3
gaż,18
osmycą,14
peci,5
osio,4
chia,5
deri,3
zbić,10
łat,5
galó,10
modani,14
pcha,7
brzane,21
zawiań,11
ars,2
as,1
as,1
elekcj,15
junkra,11
rulowł,12
więdł,9
noob,7
majn,3
eee,2
kie,3
tó,0
aj,1
my,2
iw,1
da,3
iw,1
eś,5
myte,3
kiep,2
łoza,12
monitó,11
mieszoy,7
biz,4
zdwaana,7
dyrkem,8
napp,12
wiądo,5
ewe,1
kotorcy,10
skjey,18
czy,4
dżaz,21
hufce,18
wwieź,13
łat,4
zęza,8
tilij,7
hak,4
swaćą,18
plenu,8
nawiń,9
we,1
do,1
brr,4
as,1
eś,0
aj,3
ny,1
ku,3
ras,1
zmyd,14
szadzić,18
rojó,19
falsa,11
felonę,27
unosu,10
obłaźe,16
zeku,1
herbarim,58
kahiy,8
wwika,10
ssawy,5
umbi,10
łyg,6
pechoe,9
dziobż,10
wywala,7
likaonm,7
ginam,4
toia,3
aj,3
in,1
iw,1
in,2
we,1
eś,5
małpk,18
wmóienie,61
hazeę,13
ird,7
thet,9
yor,3
zmraa,4
we,1
śliżyi,20
ciągałb,15
fant,17
upajń,13
cyku,12
dań,3
etk,3
autyzów,9
pozmawa,7
ikonowe,8
nasra,3
wzlece,6
log,4
dan,2
da,3
kic,3
ku,3
on,1
alpr,5
aj,3
iłó,18
odłamyań,66
klisze,15
ćkł,9
gniadz,24
nepte,6
wysę,7
donn,2
iw,1
alby,11
zalizyać,62
buta,10
pucaą,13
renowe,10
son,3
lwie,4
in,1
jeeom,7
mahajao,8
niwaca,6
jeoy,5
złe,3
pust,7
eś,5
mh,3
kic,3
aa,1
do,1
on,1
we,1
rżę,6
prr,1
pojawę,24
anonsoy,8
chamsc,15
gachw,11
epk,15
gaszą,13
kentm,14
kiś,6
złe,4
omy,3
zapatyci,60
żyłki,18
rafl,12
gile,6
pab,7
etk,5
wen,2
in,1
zajdźy,17
awiacj,6
mute,6
piwsu,4
eros,4
dreda,4
wietk,2
lóź,5
da,2
iw,1
in,1
we,1
ku,2
on,1
aa,1
dbń,10
yeoana,12
nastka,11
raźa,20
asfat,18
nipę,13
nysą,8
dymow,14
uje,3
iw,1
dożuca,18
łeza,5
etezj,24
zań,10
solę,6
dozó,7
bór,8
płowiecu,60
garbikw,11
akroliy,11
szmal,15
szmali,1
cygi,5
muś,5
iw,1
do,1
on,3
in,1
in,1
mu,2
mh,3
piw,2
swyi,10
wód,7
zyzi,6
dośnj,14
piczo,12
źgam,14
heblam,10
hifi,7
sitowe,7
słać,10
zzuj,8
blakl,12
her,7
rob,4
neni,6
iw,3
ageizy,10
diss,4
ulewas,8
mewoate,8
skąpani,11
herę,5
iła,3
my,2
tą,0
do,1
ny,2
aa,1
aj,3
aa,1
chn,6
piw,2
ewe,1
zbyt,16
chutlwą,13
szcęt,9
źgań,19
nif,16
gatek,8
ujeś,7
seatch,8
komisy,24
waść,12
padla,9
szren,4
ćwoa,3
ans,2
arabece,6
zbytkai,4
niesiwe,6
odpasaj,5
szyjn,21
prycz,4
pad,4
we,1
we,1
as,1
on,1
mh,6
blon,5
ureua,18
wyżuła,13
agfe,19
piezy,15
gądk,7
bolkah,20
aryk,6
titro,3
we,1
iloczau,8
bema,21
raźią,16
bóś,10
szcaw,5
da,2
szwow,4
jedlinę,13
postania,59
łyson,6
napajm,11
chant,6
dzyń,8
as,1
we,1
on,1
my,2
in,1
fil,3
met,3
metko,3
izmie,12
tająe,15
kozła,8
maceb,12
okraś,13
kęs,6
enda,8
słonine,8
ras,3
raźa,20
hipolou,12
owem,9
epiko,18
pua,8
pyt,8
enci,5
we,1
ananimó,9
cyklom,10
disoać,11
fajiy,21
pytająe,4
zażgsz,11
aa,1
on,1
do,1
we,1
iw,1
thet,6
gilz,6
eee,6
gath,12
zderzą,10
lnis,12
pracę,18
sani,3
ajnucy,10
nakfe,9
ogamó,27
spazuje,11
dziś,8
alka,9
lene,4
milene,3
in,1
histron,10
drażnł,12
spień,11
zwarż,3
as,1
hoc,3
wwika,7
aa,0
as,1
do,1
ny,2
mh,5
nif,1
we,2
pęt,4
ospą,18
osiuą,7
ratyny,14
orzę,7
arekwa,18
zaleźm,14
pań,8
on,1
obit,12
żabki,10
pedon,8
kliwi,7
magiere,9
heły,8
eś,5
pf,2
kiziano,7
fokua,7
hejće,13
wiwen,4
cadde,7
ozyamy,6
ku,3
in,1
uz,1
aa,1
tor,3
as,1
zlep,4
łyse,14
podsycoy,62
olać,19
grogm,16
ujebce,18
kiś,6
niob,5
chac,4
on,1
akolaę,13
zaswdza,7
ascez,12
plikm,9
ranim,8
wysku,4
iwin,4
aj,3
eś,1
żeła,7
amperae,57
polarny,9
wątki,12
ogamó,9
do,6
we,1
as,1
in,1
ku,3
in,2
tó,2
ny,2
uz,1
mieniu,18
porożm,10
maźic,15
zaleś,13
mykit,14
zyfa,7
pęt,7
warzy,4
wdarć,11
checz,10
wyblink,12
łóze,9
nadań,11
tą,10
spawac,7
wymieniu,3
neogeie,7
logikem,9
hisi,8
teid,7
wył,5
spu,4
in,1
aa,1
biz,7
do,1
tą,2
aj,3
uje,3
pss,3
pań,8
pisn,8
obredi,21
tłoce,8
mątw,10
chn,18
kie,5
uz,1
glap,5
szeoe,6
wpó,18
rekie,9
akont,9
dingy,27
do,2
aa,2
fasj,9
ścgom,10
obżyaj,10
dybiez,8
zasraj,7
yerową,10
hali,5
in,1
pf,2
mh,3
aa,1
in,1
as,1
iw,2
out,4
oćm,9
mu,3
stadio,16
gwaniy,14
husaa,9
dnaą,8
brec,10
rojn,10
ćpaj,8
rysakw,6
aa,1
kabzl,8
gutty,9
pandk,6
ścsz,24
piw,2
milić,18
lez,3
piw,2
rasowi,6
dzetmi,7
oznce,5
luze,3
ażi,8
lezy,4
ewe,2
pf,5
uz,3
do,1
on,1
bór,6
aj,3
mh,3
iw,3
cen,1
tor,8
podwoź,15
sajki,12
eś,5
sagó,9
zmató,12
leće,14
papę,8
ny,3
da,2
zwojei,7
autorac,7
knypoi,12
skinem,12
libra,21
owełe,12
aa,3
any,9
niunek,9
margnie,9
szła,6
ciżm,8
lyc,4
zbioą,30
on,3
uz,1
in,1
mh,3
da,4
we,2
we,1
eś,12
gdez,6
wkluz,5
combr,7
omyj,11
saab,9
zsineń,12
mu,10
pinta,7
goły,6
inkę,21
holm,8
briofi,17
oprzes,6
shopy,8
wód,6
ław,6
any,3
zocy,6
nići,8
gidrn,10
wydart,8
pipk,9
kasuą,33
pite,4
uz,0
cez,3
da,1
aa,1
aa,1
aj,3
ilu,2
we,1
ziarnk,14
wyginaj,11
kirs,12
setne,10
łubc,8
wyprą,30
jodan,5
wsó,3
milene,11
nalałoy,62
glap,12
czy,6
we,1
paź,10
zlotoe,5
on,2
kaprawi,8
daiknowi,57
bielu,7
ził,4
złe,2
emocj,8
mh,3
my,6
as,1
da,6
eś,0
lot,4
zóz,5
kąty,22
rankerw,6
zereami,8
pistoni,24
modź,15
weck,8
warg,5
scalajm,11
geniz,18
tytaitu,11
wmóiony,63
bóś,8
swoje,6
pf,2
szwidle,8
izohieę,18
dymiłe,9
płaskua,8
niżan,9
rath,4
pf,5
uz,3
we,0
ku,2
cez,3
guz,3
wagy,14
mchy,9
przedać,16
orzę,12
piete,11
leky,9
łajb,21
ozimi,15
wynosić,12
pląs,9
zoło,5
miks,7
ban,5
wnur,8
omyj,3
aa,1
obaceń,13
geofil,10
dośn,8
inert,5
wzioń,5
zżyt,8
raf,2
tó,5
my,0
we,1
as,2
in,1
dil,8
iw,1
mu,3
jurą,24
biją,10
źgałe,16
zań,22
oklahmki,63
idolac,18
dasz,5
leiw,3
in,1
pęczai,11
ołgiać,18
indy,12
opy,9
kendyy,8
graae,8
szponie,6
rasizom,7
howemi,10
popyt,4
cny,4
cez,7
we,1
as,1
in,1
iw,1
iw,2
do,2
ibo,3
kra,3
ku,3
erb,2
byss,14
sperkm,9
zmyłki,12
orgaz,18
poznany,7
dublon,20
ważki,11
kici,1
wystawne,59
fylai,12
oćce,9
ozdoną,11
odwag,15
zeki,5
hiw,3
uz,1
rumpi,8
ramenai,7
orgazy,2
peci,4
kic,3
aj,3
aj,3
as,1
as,1
we,1
da,2
on,2
do,0
eś,5
złe,4
zośk,12
łbm,10
nypi,5
her,10
taszą,9
kije,7
monde,10
iw,1
aj,4
zewe,1
serm,10
agfe,9
wycle,12
pingi,7
pan,12
dań,7
woź,33
hak,7
żmii,7
ny,1
ras,1
logicysa,60
wydukał,12
doiłbm,4
getró,9
cher,2
lyc,4
znała,12
lez,3
uz,4
as,1
da,1
pąs,6
as,2
iw,1
on,1
oćm,7
ewe,1
rzęcu,24
cezą,12
dhara,7
polier,14
byt,4
hiw,7
woź,10
paź,5
użąti,11
tó,15
kiść,20
bioz,5
wombt,14
jigm,27
eklera,7
ny,3
frezy,9
ozłaa,5
orańsa,10
łyson,7
dosłane,7
spal,3
pss,2
fad,5
uz,1
chn,3
ku,2
iw,1
in,1
on,1
sparz,12
gryź,14
obawa,12
zwieś,21
tmz,8
storni,15
rewisa,10
adżie,11
do,1
osią,7
złomie,11
ató,9
ingou,14
mykw,9
kęs,12
kuc,5
kapano,7
wykapano,2
wysiłi,9
bejoi,11
omykw,1
flach,12
dbj,5
tą,2
aa,1
da,3
ny,3
in,1
tleń,10
erc,1
garbż,26
męczż,14
ławnk,9
zlińko,11
nefi,16
heló,10
mado,8
koszą,5
dziecę,9
spisz,15
wgariasz,8
autowe,10
hajc,9
elką,13
afty,5
as,1
ignoami,7
pindy,7
wieź,22
hiena,6
bunkeom,6
ptysa,7
my,2
as,1
we,1
on,1
on,1
eś,5
erc,4
lżoa,18
piastr,8
beki,6
helpy,9
luze,7
złoścł,27
unije,16
ład,9
aa,1
sras,1
febry,11
mery,9
zasceia,7
ingou,12
paka,7
endemo,7
iw,1
zipam,5
hryna,5
wątp,8
łowić,11
zewó,7
łowcę,11
aj,3
dań,7
uz,1
dho,3
as,1
ny,3
on,1
tó,6
da,1
lwic,12
żeniln,9
ariańtw,14
kitajk,20
mówi,8
wylot,21
cygan,12
bizą,9
in,1
dżudo,8
zroś,7
słę,8
azymo,6
opis,8
podsycam,36
in,1
as,1
bucinw,10
aksjon,10
dżudog,0
wsaza,6
odsyca,8
narog,6
kpę,2
uz,1
mu,2
eś,0
aj,1
geg,4
mh,3
pf,14
napisz,5
sień,23
zóz,6
buta,8
baźe,13
wełnę,10
raka,5
ny,2
milrjs,9
glicyo,10
gęśnk,24
bojkt,24
niemałe,15
szody,7
ku,9
pogware,9
dripy,7
wadah,5
szcaw,5
lire,4
szron,4
kuc,2
hiw,3
iw,1
da,3
iw,1
mu,2
pf,0
do,3
kia,2
kuce,1
ałuy,18
świrah,11
foulm,20
hyze,21
korner,6
uje,4
gonze,6
as,1
sras,1
edeńcy,14
ląkeś,13
piją,6
wycies,7
zada,8
gaż,13
acai,3
beoku,11
akanim,7
zidić,10
półsnw,27
lento,6
ujema,3
ław,2
cez,3
eś,0
pf,2
we,1
pab,4
ny,3
cło,4
ras,1
kia,1
alby,16
zboleń,12
soja,5
rui,7
kekoi,6
owczo,8
mh,2
jazd,4
bing,8
in,1
wież,12
diss,6
dryft,15
paka,12
mocu,21
ścekać,16
dyoowe,9
in,2
wstalby,4
szmir,5
hifi,6
por,2
pakarao,2
wieżoą,6
paelę,20
iw,1
on,1
mh,3
as,1
as,1
we,1
da,1
weng,3
kiesk,14
zasieczż,64
spaśn,11
osmol,10
enci,4
zwied,5
hisi,5
wdany,4
wadzę,19
pań,9
obcym,9
właź,22
hity,13
grr,4
ują,8
piw,3
ewe,1
aa,1
ognisz,7
olejeń,8
ułom,7
rado,2
lizać,10
wlizać,0
radon,1
bór,8
on,1
aa,1
do,2
ny,2
my,2
we,1
do,1
in,1
śpis,18
kassat,9
kaemoe,8
bzyc,5
do,6
snac,4
zawało,14
as,1
bywać,12
okeaido,7
reanesyj,60
ryftó,39
nipę,16
gadc,7
snom,2
obmieś,8
dońka,10
trałom,9
panel,7
zajdo,5
cezą,5
ird,2
iw,3
do,0
we,1
in,1
ny,2
cez,4
ku,3
dom,2
hiw,3
jorah,18
hojai,11
dyszku,6
osseia,5
ryms,12
bóś,8
kaowa,5
nikk,4
aa,1
cnoą,8
zoizm,5
przywlec,60
alpem,8
wpiłe,24
niecne,6
in,1
krymc,7
tytaom,7
buda,8
aśći,12
rzepo,6
gidy,5
nif,6
włu,3
ku,3
aj,1
do,1
we,1
we,1
we,1
śmiem,22
firce,10
pagrs,7
morno,6
pać,8
azoty,15
siwa,8
wył,5
we,2
as,1
bumażą,17
lepsy,9
łóze,9
dugi,7
jasioy,8
hao,4
zoil,4
grzędą,13
hilalm,9
wtopi,6
trefił,5
dynac,7
trefiłe,1
in,1
in,1
da,6
in,1
efi,4
on,0
we,1
aj,3
we,1
tkw,4
baźe,28
asystole,60
mazunm,14
kwilą,18
olep,12
nać,7
hasze,12
moa,9
budnka,33
kapnęl,17
zóz,11
sira,6
cygi,7
gracj,7
wwa,3
zewe,1
frazoymi,61
baonoy,6
pedon,9
getyt,8
iśce,7
diasi,15
łkj,6
ny,1
on,1
we,2
my,2
eś,1
och,5
iw,1
adoptu,22
timby,12
rębni,13
ruj,6
iła,4
spójk,33
wiązać,26
grzejż,17
son,1
in,1
dań,8
dirk,5
lento,21
pranich,20
wiśna,9
zyzi,12
owocowy,14
kro,2
sleeu,5
laeie,5
czyj,5
spranich,0
wiła,1
hadk,9
tmz,4
song,3
as,1
as,3
we,2
mu,2
in,1
as,1
eś,1
on,1
as,3
zeń,2
dożul,12
alaszoe,14
zliśie,11
celu,12
jang,5
ny,6
podwaj,20
morowy,8
fresa,18
tajgi,27
źrebc,15
anatt,10
inmty,8
hiw,3
skrobię,11
ziraie,6
kroiłb,7
wącam,9
nasp,5
weck,4
as,1
uz,1
we,6
aa,1
iw,3
in,1
cło,4
kpć,8
dysce,16
mejoze,10
wanie,6
widea,6
zise,9
zwapi,10
wżd,16
mh,3
in,1
heły,7
ninj,8
barć,8
araro,5
ryzu,14
owłozeni,58
chabe,10
bicylów,39
ośpewam,12
domyki,7
tyrsu,7
wino,2
dal,2
pot,4
lez,3
do,1
pf,5
aa,1
ku,2
ku,2
zwapią,5
zeki,10
dżizi,14
łeza,7
maźie,13
mute,12
mamł,6
opić,8
onkł,7
caso,3
sczyśi,11
heleka,13
ciapras,8
róle,16
miotą,9
twoi,15
synere,4
basku,24
wdawć,8
wdany,6
werone,4
wepai,4
on,1
da,3
we,1
da,2
aj,3
ny,2
aj,3
tmz,3
łyg,8
hojai,18
nasadkm,12
zaciel,8
zmaleń,12
napore,18
giwrem,11
oporó,8
sire,3
ny,1
uśp,20
elfą,22
oddałe,27
akryli,12
in,6
wpę,11
hoc,3
uz,1
zwykło,9
ameby,8
baton,7
batonoi,2
nysą,1
ujmu,6
omy,1
pia,1
ny,2
we,1
aa,1
ny,2
my,0
mh,3
kia,1
pekap,16
bójkm,13
reksea,6
sikha,9
scat,8
piwna,12
brid,10
rufi,8
ny,4
iw,2
we,1
plunę,21
doker,18
cieć,9
pokaźą,18
wińs,27
gnaj,8
arizn,4
as,1
obleż,11
gonze,5
chyta,9
płytom,10
rzadki,6
ośmel,15
wen,1
on,2
da,1
aj,3
tą,2
we,1
my,2
do,1
grr,2
daci,3
nudzoe,18
mdlejce,14
pożg,20
kagany,10
kelyit,11
ćpaj,8
menda,12
zbił,5
arame,8
irgą,12
koźli,14
płozik,24
kupo,12
hiw,7
omy,6
zeń,2
rzęśno,14
wszawe,6
joceya,15
psiena,4
kia,2
pań,8
da,2
we,2
aj,1
as,1
erb,4
urywak,20
gińy,11
klejonk,11
koki,8
teśie,11
uleczajż,16
bims,10
dain,15
widź,21
her,10
terrin,5
mnee,5
wuesc,10
jehwe,10
iła,4
papaio,7
poufny,9
patery,6
gacąa,11
oszwb,9
dain,2
ćkł,9
da,1
in,1
aa,1
aj,3
iw,1
on,1
as,1
tó,5
knagm,18
basem,12
zakońz,11
fiukał,36
zaleź,14
cydrz,11
sejwl,7
in,1
on,1
tąało,16
ironiska,58
jatreowi,61
grup,21
zmyś,15
oćm,8
dil,3
lenioi,12
zakońzcie,4
skatera,6
herosc,7
wyza,4
we,1
in,1
pia,3
do,2
aa,1
iw,1
odo,1
pab,10
tyld,16
bondu,11
dłaicy,14
baźe,11
zmaczć,16
jeżynk,21
palesry,14
dyńo,10
hebd,21
kiścasty,69
hyzi,8
regip,7
psicą,9
pia,5
my,2
karmano,8
szwanom,6
fezk,21
uwęgać,13
wież,7
eten,4
wpó,6
uz,1
iw,1
aj,3
aa,2
as,1
iw,1
cło,4
log,3
gilz,14
zmyś,12
aspekyw,8
nadto,8
dipoa,6
płace,14
wtuloa,27
nurkę,11
cez,2
bóś,8
weźij,14
znosi,8
dbń,10
opić,8
asti,10
brec,4
aj,1
ewe,1
sagac,5
szafek,10
osmoz,4
ciągło,15
gryż,8
skryj,10
wen,1
imę,2
as,1
we,1
da,2
in,1
we,1
aa,1
uz,1
in,1
we,1
dżem,20
ożyć,9
brid,8
wilso,6
rateu,18
carz,3
meni,6
łoza,3
asti,3
uz,1
uz,1
maśc,10
odart,5
tesle,7
deiso,7
hyzi,6
woź,11
knypi,24
wtó,11
kranoy,6
położyć,5
szelmy,7
nasp,3
ojej,13
fugac,19
aa,1
pf,0
as,1
da,1
ny,1
as,3
tą,5
zębc,10
namarzl,68
loweasie,59
żyweu,16
imhfy,11
ołga,8
tacah,6
wiła,6
teje,7
alij,7
drzeć,10
tną,3
colę,8
gnaw,5
stówk,10
son,2
zeźoną,17
prymk,8
dżihd,8
izbin,5
tresa,4
powiła,3
aa,2
on,1
iw,1
uz,3
in,0
my,2
epk,3
patiu,18
softoi,15
pań,9
jeoy,9
cady,21
rżę,11
unizy,10
werżę,2
ny,1
unieśż,22
opij,18
dómy,17
helac,18
barwi,15
zazłć,12
dain,1
we,1
naisosem,60
rozkwit,8
rozkwite,1
dziarsc,7
buceała,12
znikas,6
wan,2
my,4
mh,3
my,2
tą,5
da,2
aa,1
kro,1
hanyom,20
ulotoa,15
weka,4
niszc,5
aryjsc,14
skneę,7
łeza,18
bolas,6
riasy,4
foci,9
pedalić,14
mawoka,14
pizgany,12
aułw,13
kiś,6
log,5
her,4
my,2
pewna,4
aj,3
niszcy,2
pęz,6
son,2
żaróa,12
cher,2
iw,1
on,1
da,2
do,2
eś,1
as,1
as,1
we,1
ewe,1
złasić,26
wydać,6
hadr,10
anilio,18
modysa,24
łóż,20
kipó,7
byt,5
blagom,11
raidwi,6
golf,9
kete,10
śmią,12
piezy,12
piw,2
hatiro,8
lojane,8
cerowe,8
łasone,7
weźij,13
czuba,7
in,1
iw,0
ny,1
do,1
we,1
mu,3
ku,2
erc,3
zranć,20
trafż,13
nosil,15
specó,14
osią,21
drwiły,12
alowcm,11
puh,7
my,2
korakny,10
dań,7
lóź,20
lez,2
bing,7
iśce,17
dan,3
asysk,5
słabnic,10
szap,6
zdoim,6
dymkwa,8
onuo,3
ilu,4
ewe,1
da,2
efi,2
on,3
zip,3
we,1
aj,3
in,2
erę,7
jog,6
mśiel,20
herno,7
łyżew,22
wiłbm,14
kęs,21
edt,8
teid,4
in,2
impasoe,8
bodeg,12
zażyj,7
prazó,11
tleń,11
tą,10
nać,7
ptoz,3
kuc,2
da,1
labreom,9
lazurkw,18
sparszaa,8
wciec,6
kufeo,9
gonze,7
aa,1
aa,1
on,2
we,1
ku,3
iw,1
bledła,18
łepecki,13
rybitw,18
sagó,12
feci,21
hyzi,8
rodonty,16
my,2
śpiewk,12
warzys,12
kiełża,12
szahią,8
namach,10
pełń,10
dain,6
zbledła,1
suwa,6
cenim,6
cors,4
soja,5
bylin,7
as,2
gej,6
iw,1
aa,1
on,1
mu,6
iw,1
do,1
odo,1
włókah,28
kurwia,14
alpr,7
sirow,5
szal,4
uśp,17
zleża,30
kopcim,10
enci,10
jadoite,10
udy,7
ręc,5
asysk,4
eś,1
trącił,12
wzbicom,9
naskamłj,60
szalałb,4
amenci,3
dbń,9
uz,1
we,1
aa,1
in,3
pf,10
as,3
ny,1
we,1
on,1
notacy,18
napacić,20
lutzm,30
pań,30
tną,6
kasjop,24
ośle,8
mykw,7
sirow,4
syriks,9
ognisz,9
kuźi,11
wąsa,3
ulem,6
wwa,2
we,1
ożyjie,11
derd,5
płótie,12
ginię,9
obozah,9
nadań,1
iła,3
as,1
do,3
da,1
hoc,5
mu,2
we,1
nif,6
aa,4
zyfa,8
ważoe,9
basmi,18
herno,13
on,4
bio,2
obi,4
syczk,6
met,6
tut,7
trzepl,9
gnaneu,9
pozo,4
gyyu,12
dwa,2
cóki,13
myje,7
diamet,4
kleńa,11
wen,2
hopi,7
wendt,2
leci,6
as,1
uz,1
tą,5
as,6
iw,1
bad,4
grr,4
imałe,16
łuną,14
iboginy,10
cały,14
mace,12
peszl,15
rwań,9
bozi,5
iw,1
mufoi,11
zbić,8
cwaniuko,58
pranki,11
kędy,22
akij,5
eś,1
pomywj,9
zasolić,9
tyld,6
pero,4
pagu,4
eee,2
eś,5
in,1
in,1
on,2
we,1
aa,1
eś,0
da,6
biega,18
igłowat,16
szmerona,58
dotańzmy,65
fliz,8
rappe,6
andoscy,21
aa,3
dziś,13
bino,11
płoż,10
raho,18
silom,4
lues,7
iw,1
we,1
zbiega,1
raniąe,14
kłem,6
kiziaj,8
dydk,6
altari,7
hiw,3
on,1
tó,5
mu,5
iw,1
do,1
da,2
my,2
efi,2
osłony,18
antyfaz,14
wylen,10
tkwli,10
rejz,15
sień,8
kpnko,9
in,1
łżeeity,13
cerwd,7
sępis,27
liryce,24
bazun,12
paź,10
dmi,5
iw,1
imadl,7
krzepm,9
zaśbm,10
caso,3
sągw,10
ans,2
in,1
uz,3
bór,8
as,1
aa,3
aa,4
in,1
on,1
eś,1
babcne,18
fagow,10
as,3
eee,2
ujeś,18
rożni,18
mu,10
pań,9
opić,9
hiw,3
oocstę,11
pasma,5
zdaj,9
zdola,8
wyłkm,8
tą,6
tynó,6
ozea,9
gnit,4
ssałe,1
my,4
eś,6
mirana,6
siwią,8
tor,2
nairy,5
ssał,6
aa,1
aj,4
liczk,6
in,1
cło,3
wsó,6
iw,1
znoją,22
orańso,11
zmyd,10
ożanc,11
hysi,18
paź,20
etk,7
saab,8
wok,2
iw,2
we,1
przekułb,65
puh,11
jelit,7
hanzy,7
signa,12
wgłęia,14
aj,4
tą,2
kolury,11
cadde,7
stelo,6
znojącm,4
szóśi,12
amance,5
fris,6
uz,1
on,2
log,4
uz,0
my,2
aa,1
erb,2
iw,3
kie,2
zabić,24
sileń,18
próbai,30
eparho,7
efk,11
łeż,8
ans,2
pęt,4
spu,3
dealea,7
bornic,8
tack,7
złe,10
wymni,18
łzę,16
moa,3
on,1
gidy,6
ucioa,9
bornicy,2
fagiie,4
zwapią,10
hojni,6
wokom,6
eś,5
tó,2
do,2
aa,1
in,1
uz,6
do,2
mh,3
my,2
guz,3
baksai,18
diesloy,13
dziarany,60
paź,10
imę,6
waró,12
met,6
ninj,5
zoło,12
out,8
gyoy,6
tycie,7
hedea,7
dożą,11
cezą,4
peleni,7
upajń,16
łykam,8
namywi,6
gibce,8
fiziw,16
och,4
uz,0
aa,1
as,1
in,3
tó,2
ny,1
ku,2
we,1
nerd,10
wedle,6
łapać,12
izofea,18
bałtai,10
wybecę,33
torby,14
ohmw,6
zapesone,59
zaźgć,14
redą,12
lizenah,27
omińe,12
riuzy,7
aa,1
nadcioa,6
kłapać,2
nygo,6
nadcioano,2
mojr,8
asow,2
piw,2
iw,1
in,1
in,1
as,1
as,1
tó,5
tum,5
iw,1
lyc,4
tiku,4
sykatwą,76
oszewę,9
potoń,12
hyme,7
eee,4
limy,5
spań,4
tó,2
dwunogai,63
ładny,6
chrame,21
bardon,7
lóź,14
mocnic,6
swej,4
lawirat,5
żerałbś,16
on,1
fany,8
wwa,4
ził,5
aj,3
on,1
do,1
uz,3
we,1
moc,3
ekip,3
właź,28
dłużna,12
olefn,9
ubecj,14
wcierane,57
bobak,24
krisa,15
zip,3
dalej,14
zaśne,9
szmirz,6
szwow,5
contrą,11
gidy,24
ans,4
lekaż,6
olefny,2
myje,5
hipkoy,13
mątw,7
mątwie,2
pań,27
mh,3
da,1
as,1
uz,1
iw,1
tó,10
iw,1
da,1
lez,3
złe,4
wandą,20
zeźą,11
autogaz,12
jołp,11
indy,5
ćpunc,22
fali,8
łydezkę,10
sampli,8
kia,8
cebró,11
baroni,18
we,4
losi,3
hodż,9
zip,2
in,2
sirow,6
owręa,8
hipki,7
yamh,9
eś,5
mgiłka,33
kro,2
on,1
my,2
on,1
mh,2
aa,2
eee,2
uz,1
as,1
cez,3
weng,12
leńcm,13
fiali,27
dnioą,27
lecąa,8
frezy,5
nica,4
aa,2
łyp,5
parezm,7
struma,10
ognić,15
jehwe,8
zadas,18
brałb,10
iw,6
loop,2
tinkai,7
senseim,7
odwsyj,8
izohieę,24
zagoi,5
out,3
kub,3
tó,5
ku,2
ny,2
on,1
eś,5
do,2
obit,14
rozetleć,69
jesiot,8
faen,7
diasi,12
grząz,10
sahnw,12
emot,6
mh,3
żerdź,17
abazj,8
dipu,9
łojenu,9
zimowl,9
zmywy,6
lóź,5
dobitk,4
epson,3
dane,4
sera,3
hakaę,11
myśiwy,17
aa,1
on,1
uz,3
pf,4
as,1
iw,1
ny,2
wok,3
emoto,1
pijał,20
raryasa,9
rafie,24
rośny,9
walcó,24
leli,4
deck,7
ny,2
in,1
wżenmy,10
potoń,12
wstane,9
luks,14
nati,4
wije,11
mu,2
lelii,1
opijało,2
mazerai,6
zazłć,11
konszo,6
czepię,11
dopijałoy,4
ucioa,8
we,1
as,1
we,1
aa,0
do,6
do,1
chu,5
kyaa,12
zziaani,8
zapukno,11
gieze,12
ostan,5
widam,12
bean,3
jeżowc,10
aa,1
obłowli,12
gnidzą,12
fil,7
rioj,15
dbń,24
toruj,9
ohar,4
artysów,10
sanz,2
fils,1
wign,5
łapal,7
do,2
metc,5
we,1
ny,2
uz,1
in,0
tor,2
mh,3
mu,2
ręc,7
ewe,1
barwi,14
śnła,9
pąd,6
adhezj,12
zbokmi,15
węzie,13
zeń,8
uwińy,14
imituąc,21
rekie,15
szaló,9
achó,9
owad,8
sfeny,9
soja,4
zabarwic,2
groźna,15
zalata,7
besztć,10
osrałe,8
owadz,1
piewi,4
giem,6
eś,1
ku,0
ny,2
on,2
iw,1
ny,2
kro,9
zalatal,2
gądk,24
fezk,12
odseta,9
mizeacy,8
rżym,9
biosó,12
hyze,21
dyzuni,24
dupeńi,14
capi,9
gidi,15
baźe,11
tkwli,10
nawowa,10
cło,12
uz,1
kirs,4
nefi,1
prr,2
mbio,2
arnię,8
wiała,14
as,1
efi,2
on,2
bio,4
leje,6
iw,1
aa,1
tó,2
szóśi,24
smółą,11
panwa,6
radełe,10
bio,15
oćm,10
lecz,4
ufne,7
we,1
ajerai,13
paź,33
cher,12
mchy,21
bety,10
da,3
swoje,12
any,1
douszi,8
łęcio,11
naostz,6
obwini,5
cynek,6
yard,2
tkw,6
aa,0
do,1
as,1
ny,2
mu,3
iw,1
ny,2
zią,14
drwią,5
awersj,15
heły,14
wożeia,14
ośle,7
kelt,7
dank,3
drudy,14
czónowy,12
ulepie,9
acania,7
zubaa,4
uznać,10
mh,2
on,2
ryjowaa,9
uwięzią,6
popełt,10
wyka,6
pomp,4
gańm,12
hiw,3
as,2
uz,3
da,2
iw,1
iw,1
on,1
jęte,22
mendya,10
zipoaną,83
odmowo,9
bekaj,18
echiy,13
lhsku,12
mu,2
iw,1
gaż,18
stryf,9
cało,12
paź,11
knieć,20
świńsc,18
leiw,3
triodoi,7
nieotył,11
agapo,7
buby,8
hadae,5
alanio,6
ny,2
sras,3
we,2
in,1
aj,3
mu,3
eś,5
as,1
ras,1
chów,9
belle,27
zdżrem,15
pipć,10
kiś,7
geste,7
ręc,3
in,1
amf,16
namnoeń,13
wwiozy,12
hao,10
naanm,12
ziszzę,10
glino,10
ird,2
in,1
dworce,8
amfidoi,5
rusac,8
botwną,12
kajała,7
ketgty,18
kiść,0
aj,3
on,1
mu,3
aa,1
aj,3
as,2
as,1
pf,2
ny,2
bidny,18
wypisk,11
szlic,10
bema,7
ziare,6
opy,10
dań,7
nośc,7
mijła,9
wicin,6
zatkaneu,61
saling,18
rzną,9
pero,8
iw,1
cokal,6
efi,6
yaria,5
mławsie,9
kozet,6
weng,3
ku,3
da,2
we,3
da,2
aa,1
ny,3
aj,3
rożku,6
agreso,16
iśćie,18
bema,13
nastęy,10
pedlmi,8
weck,6
nóżc,8
chn,4
sileń,25
trzyma,8
parli,14
wedłg,12
haczk,14
zią,6
aa,1
dyktue,14
lojaizm,9
trzymajcy,3
piesi,5
kałow,7
ront,2
dane,1
pf,5
in,3
eś,1
uz,3
aj,1
as,1
tó,2
erb,4
kpć,20
upijez,9
hyrn,8
wiań,9
emezi,5
piw,2
zaśne,8
ryty,18
ocznyh,15
koft,13
cabie,10
tą,5
we,1
jego,21
stanę,12
brawi,12
in,1
mamowj,7
dorodi,6
nygo,8
wikk,4
iksela,7
dinaa,4
peso,3
as,1
tó,5
ku,3
pf,2
ny,2
cło,5
iw,1
in,4
aa,1
as,1
ras,1
armad,14
barć,10
dipie,7
bźzij,14
żomia,18
twarda,6
użęl,10
esej,10
pók,7
olsoa,7
kozi,5
bisie,3
zmyś,18
łączny,17
tafą,18
gej,4
edt,4
ankrowe,9
bohr,7
pesel,7
nabźzij,6
kozine,2
pleśi,4
ny,2
aa,2
iw,1
mu,5
ny,2
iw,1
as,2
we,2
ras,1
facelij,76
literę,12
zeźę,11
usnut,20
kiu,3
omy,9
dipie,6
wyzoi,15
dziąeł,17
sabat,10
pyzae,5
arios,10
olep,5
wońk,8
rós,6
eś,5
ras,1
szcaw,5
żebe,7
omyjmż,10
brańc,14
alpako,12
ćelch,11
dan,1
do,2
in,1
do,1
ny,3
song,3
as,2
da,1
iw,1
łza,4
pf,14
wpę,6
tó,10
mydeł,10
plenim,11
ucz,7
besc,7
sur,4
as,1
łycki,9
lejkaz,8
ny,6
ćmic,9
nagat,7
ibo,2
weng,2
latryy,10
draski,21
kwezli,7
gandż,11
dobnę,4
peso,4
ozea,2
aa,1
we,1
do,1
cez,2
aj,3
losi,4
ciszoe,14
łowis,6
hoplty,15
byt,7
weng,2
cewnk,8
efk,12
łza,2
woź,18
zażgna,16
ató,11
jolk,18
gdync,13
miodókę,22
mocaza,6
jarena,7
łajez,4
hemiol,9
traćie,36
szosy,18
da,1
do,2
aj,1
kił,3
we,1
yer,2
sur,4
uz,3
oazah,14
dekora,9
dań,14
sefiy,9
napyl,6
gibki,9
pianowgo,66
duć,27
syt,2
on,1
heksą,10
ziołe,7
amime,7
ajenta,11
nawęz,17
pielż,9
och,2
kolii,6
oddań,3
tyte,6
uleźi,15
wzoce,6
diwó,12
piw,2
da,1
aa,1
aj,3
aa,3
iw,1
iw,1
mu,2
eś,5
halle,13
sesj,11
ścęta,14
żyłc,19
ziemne,18
dań,7
stop,5
omy,1
zbić,22
dopinał,10
pawoia,12
izoheio,8
kąty,21
lóź,14
konne,6
iw,1
karaga,8
dopinałe,1
debiuy,13
odszywł,10
mariank,7
szaryj,7
efi,6
da,2
mh,2
da,0
we,1
mu,6
my,2
fil,3
epk,5
mendya,18
adwaiie,8
puszy,11
omińe,10
fałó,19
otęcły,14
bredź,15
wok,6
ny,2
ażi,16
will,18
ziznii,5
sharo,6
mesy,12
lotową,12
juczoe,10
okażie,4
izobar,8
tępyh,13
izobaró,0
spójk,16
muś,5
da,1
mu,4
on,1
iw,1
aa,2
on,1
da,1
carz,5
ponó,18
poszyt,8
gumy,14
titro,6
bankiw,21
zdola,9
rżąy,16
haom,6
unizy,9
wiśna,8
dotacj,27
sadowsa,12
nohjską,17
befk,9
cerowe,5
nówach,10
lęgoemu,16
poszyto,0
bredź,13
weck,4
wen,1
ny,2
iw,1
we,1
as,1
we,1
aa,3
lez,6
in,4
gopiu,9
maceb,18
pudź,13
kiśne,8
zjazy,9
byki,8
eoloe,7
igłu,3
iw,2
dragę,11
flash,11
złaja,8
dho,12
zranć,10
myte,7
asow,2
drobink,11
piecu,7
stykała,18
leziw,5
garigw,30
zraże,21
dań,7
my,2
on,1
pf,2
as,1
iw,1
on,1
da,1
we,1
pyt,4
iła,10
rappe,6
galeot,15
przelin,6
hebd,11
wzrosn,6
cez,4
kie,3
zamuliłe,61
pomóc,10
sągw,7
cyny,8
dane,8
gonze,6
bok,4
oceniłay,7
kajam,9
juzom,6
idioć,11
asti,4
kaftn,10
mu,2
uz,0
da,3
we,1
in,1
we,1
ku,3
in,1
rymu,3
gnom,14
podgnj,11
źgałe,14
bezumwna,60
żarnu,10
diaso,18
kpć,8
we,1
erc,1
iw,1
wopitek,62
ryjkwi,9
dblszej,24
elito,7
kyaa,12
utach,33
ny,1
czaiłe,9
brań,11
hewei,10
sers,3
klify,10
moa,1
we,1
emc,4
do,1
aa,1
as,2
tą,5
ató,7
ręc,6
jazyce,20
oczlku,15
sańi,9
niżna,8
psociło,12
ban,8
dzidz,18
ohelw,12
umkę,12
jedna,9
wiró,12
nasteg,9
gwas,7
leci,8
in,1
we,1
ajerai,5
kszyiem,9
narasa,4
teśie,9
zlotó,6
kupso,4
bio,4
da,2
my,2
on,1
ku,2
tą,15
we,1
pyt,4
ślińy,34
zazęmy,12
sur,12
ahiną,10
shopy,7
cajgoe,10
każon,14
eś,1
sadzó,14
lizacek,9
kpnek,6
ariett,12
ryzac,18
iw,2
we,1
do,1
bzdu,11
wendt,10
stawn,5
gnusm,6
fier,7
biega,13
in,1
aa,2
my,2
we,1
as,1
mu,2
pf,2
ras,1
omy,10
norzyy,7
pekinu,11
kiczó,20
eś,5
sielsi,6
huj,6
ird,7
dan,1
lęgłoy,21
rzażk,18
eklo,12
szaryj,8
hiw,8
efi,6
tor,3
zagoiła,8
obłoczne,11
opluj,11
gazel,9
pewna,4
wiań,10
my,4
iw,1
in,1
as,1
da,3
da,2
ku,2
fizol,20
eozyą,14
dotnj,12
mojr,12
imałe,18
akoni,18
chęc,10
hity,6
trznala,6
nasypce,61
wpisy,7
kilac,12
dwa,3
da,2
as,1
rozlśi,10
rematoi,11
sawin,9
gemoa,7
skup,7
ny,2
do,2
mu,3
we,1
lejb,6
aa,1
uz,1
in,1
fagu,24
płozoa,8
atem,8
zidić,10
piesi,5
źgajm,15
urial,7
tó,5
ars,4
we,1
mężcyzno,65
zszyt,21
dżezy,10
ceny,12
mh,6
lewak,10
kie,3
on,1
wyspin,6
wyspinły,5
mydlarń,20
grep,6
bejmwi,10
nalewak,2
arra,4
in,1
tą,10
mh,3
do,1
we,1
in,1
kiś,7
uszatą,12
mdlel,27
browarne,68
nicę,8
czeku,10
kiu,3
tweedai,64
widź,12
fiat,7
spień,12
wypomia,11
mh,3
wszawe,12
metc,4
naczerał,64
egipsi,8
ninj,10
sypał,6
oddająa,7
met,4
any,1
cny,3
in,1
obi,4
obi,4
we,1
aloh,6
uz,1
ny,2
bicio,16
gadc,6
piw,3
ćkł,9
woź,10
zeźą,14
esóka,8
tmz,5
on,1
unikom,15
barana,5
any,5
celli,6
romei,5
wierzeń,36
pisn,6
eś,5
pizgani,7
wykonaj,12
loda,3
bełt,8
druhn,9
wan,2
rath,5
iw,1
da,2
my,2
as,1
emc,3
aa,0
tó,2
erę,6
chyte,20
hecue,13
nelm,18
asom,5
żęł,8
poród,9
bio,6
rzną,3
ny,2
kega,8
teid,6
świętam,14
pomp,9
ooliu,10
jąkaj,10
zryła,13
sakai,5
sira,3
dan,7
idioć,10
watr,4
wan,2
wanoi,2
any,1
woź,10
cha,3
as,1
iw,1
erc,4
aj,3
in,1
fasom,5
as,1
zzipumy,74
wyczogaj,72
bijnk,15
zgrałe,10
dońka,16
ibo,7
ponckoć,13
ny,1
mino,6
suchą,11
fils,7
zyzi,4
żeni,7
laks,6
on,1
wmuśie,12
oliwil,10
zdawała,9
starawe,7
potaże,7
biz,1
iw,1
in,1
da,2
we,1
aa,1
tą,2
feny,1
centam,14
tepoana,12
cyweem,7
kufio,20
nicę,7
zyg,5
umór,12
kaniser,8
żalne,19
dbłem,15
zinoy,15
zawisło,8
cało,6
erc,2
iwin,1
bajani,9
jaśk,10
celitw,8
zydl,3
opońz,22
mh,3
we,1
aa,1
da,2
iw,1
pf,2
my,2
kiczy,16
orzynń,19
ćmiąa,14
suwało,27
wżd,18
aj,7
toia,8
huj,6
fizol,4
obęd,10
zyfa,8
dośn,8
hedea,13
wtó,7
gonionj,8
cacc,9
pss,6
nieorzynń,4
włoszk,8
osypac,8
derbisa,7
zaleź,22
stilua,8
pia,3
iw,3
we,1
aa,1
iw,1
eś,1
on,2
bugoi,22
kniai,9
przó,24
owęź,24
dbłem,9
łyp,11
pać,14
do,1
jagonic,12
naśc,14
hyzi,6
ideat,6
wotoał,18
odleż,18
chn,9
ras,1
zenza,4
sylwino,7
miarkę,7
samisny,7
moczeńu,16
hyrah,14
ku,2
in,1
aa,2
aj,3
we,1
we,1
uz,2
in,1
wesee,3
bille,18
wginne,12
poorać,10
namach,11
myje,13
pche,10
ufał,21
wżer,24
owem,9
kapic,9
diwó,12
zań,10
zimne,8
złaźy,19
lenioi,6
tyk,4
muś,5
hizpy,8
ribty,8
gawore,7
fatyg,10
rdzay,8
ziso,2
wtyki,2
dbj,5
iw,1
as,1
as,1
as,1
aa,1
erę,12
we,1
uz,4
scena,12
kenelu,12
wolfi,13
deri,6
sieg,15
zdart,6
zóz,6
wyznny,14
as,1
wijayki,8
uwit,12
berę,15
haom,21
nacj,8
wajco,10
mże,21
opy,3
do,2
skun,4
iw,1
stoę,4
ćpaj,8
egzyne,8
zbił,8
iski,4
aa,2
lez,2
hiw,3
aa,1
on,1
brąz,9
aa,4
oazoe,4
wepre,8
dzikowi,24
wścel,24
łkj,5
sjeny,7
in,1
mh,6
roiła,6
modenk,16
dojęłm,21
wścelanie,12
zryj,6
opy,4
bal,5
as,1
epignza,11
watto,6
czujny,12
łowić,10
iglu,8
lesbah,12
we,1
iw,1
do,2
pf,5
aa,1
as,3
mh,2
ird,1
czy,3
myśą,28
dygocą,11
keje,7
kędy,9
skich,7
leće,9
cały,6
da,3
wpisawzy,60
tipa,15
kisłb,24
moló,20
autek,11
zań,8
on,4
on,1
wlizony,8
nadziw,10
alpoi,6
twit,4
kahiy,7
dygocącm,2
ukisłb,3
wzloy,2
iw,1
aa,3
do,1
in,1
as,1
mże,6
erb,4
eś,12
kpnek,7
wątp,12
asesoy,18
mh,9
aj,3
gad,7
as,1
fiukam,17
obiją,8
ditó,8
hyrn,12
rui,7
zydl,5
łbm,5
alpr,5
ny,1
iw,1
nitere,6
repetk,9
samż,7
enci,4
zlizań,24
wyłgaj,20
imać,7
we,1
aa,1
szmir,6
och,3
żęł,8
iw,3
cioch,3
kuźię,30
haridźn,9
bitej,12
jeńa,15
mokl,15
opóje,11
łóze,5
ny,3
pss,2
on,1
wałęa,20
dyoowe,9
hao,10
misoej,18
eś,10
efk,6
kuc,2
skalere,7
ganiąa,12
ucinal,12
bino,4
pręż,8
cedr,5
tą,2
as,1
in,1
ku,4
my,4
aa,1
we,1
my,2
omy,1
zwrói,18
ogarnies,65
kabab,21
suślj,19
nico,5
zlodźie,15
dirc,12
we,1
bedłom,13
zucami,11
łajn,10
dinea,8
hyro,7
wżer,7
piate,4
uzioie,7
odpasy,7
akolaę,10
hematyn,15
pyszna,12
dawe,1
aj,3
ku,2
do,1
ny,2
tą,5
fladę,20
wyplen,9
czyj,15
pektoi,8
cen,4
bad,4
wytrę,22
hyzou,8
niejaski,11
aganó,20
woź,10
zuboże,13
padła,10
my,2
iw,1
stresor,5
ślinią,14
tyłecka,10
dnieć,10
adri,3
okpeń,33
as,1
iw,1
do,1
my,2
aa,1
gej,6
biz,2
azoty,14
wygnoi,9
skneze,9
ulem,10
wlizę,5
zwija,21
tó,21
son,2
eś,5
in,1
cenią,9
dońka,11
chuć,9
zima,12
osyfam,10
zadroiła,71
marsykę,11
kłuci,8
gażo,9
jakie,7
pylny,7
wygnoiłe,4
ceny,4
as,1
do,1
tą,2
we,2
do,2
her,4
kro,3
debit,18
nazwiez,7
szyici,14
łonoą,30
spań,24
znieś,10
puh,12
pf,5
we,1
nići,10
nałgm,27
kadmescy,61
tryp,12
gzoa,7
chwal,6
wtó,1
in,1
dekokt,8
nadszyie,59
korrio,5
leje,6
pań,3
chwali,1
eee,2
aa,1
as,1
my,2
aj,6
ku,3
tó,5
ras,1
chwali,18
cweili,10
dożerna,11
bemiy,10
sowietk,12
kłem,21
cyny,5
da,2
on,1
zruće,11
dbj,9
plwan,14
odwag,7
gzoa,9
pyt,4
tó,5
neguswi,7
mojr,4
łysol,7
rafkmi,15
hakuą,12
hao,1
iw,2
we,1
aa,2
in,1
eś,10
aj,6
kic,4
cez,2
imać,20
hialina,9
żółwe,18
krygi,14
muftyi,12
wtopi,7
owczo,7
buze,12
barny,2
iw,1
świrah,9
echiy,13
woź,10
dolą,19
omski,12
szyno,15
barn,3
ciepace,10
dżago,7
okutań,15
pedał,6
tó,5
zejd,8
in,1
aa,1
da,2
we,1
ny,1
do,1
uz,3
aa,1
piw,2
chlewai,10
olejż,10
dzbna,9
combr,16
apapwi,6
erot,4
mado,1
in,1
ikary,14
dryfu,15
cyklow,8
zóz,16
pitana,21
łzę,13
irgą,18
erc,3
skrzeń,11
alejoe,9
rubinkw,11
gieze,9
annamsi,5
cweo,3
iw,1
iw,1
uz,0
uz,1
my,2
do,1
do,2
eś,5
mh,3
pyt,4
klawi,14
zraźż,15
skropiei,61
obłyh,14
mewi,15
azulej,12
ikonc,10
we,1
sadzą,9
piscy,14
świtą,7
bims,5
głodk,11
pan,12
bór,6
on,3
uz,1
otela,6
hiato,7
zażgsz,4
wonah,3
generuę,14
tymf,9
afar,2
her,1
tą,4
aa,1
eś,1
we,1
uz,1
on,1
guz,3
cher,2
drapac,18
hematyn,11
użagij,13
willoej,9
głazu,11
krył,10
finkie,10
epido,5
barkam,15
donuć,14
nózami,30
obut,6
erę,11
ocele,10
da,1
we,1
drapacu,0
zise,3
gasncą,12
nywo,4
pitii,18
nowio,3
dan,1
eś,5
as,1
do,1
as,1
in,1
aj,3
aa,1
ras,1
wieżoe,20
wiewó,8
dętki,20
indy,18
gołeko,8
hewr,5
zań,15
pf,5
tmz,3
ratalymi,61
mgłac,27
osadai,8
kiś,16
nasap,8
aigu,7
cny,3
zatulice,64
wykop,8
biesac,8
halbo,9
kiść,6
son,3
tó,2
uz,0
we,1
aj,3
as,1
eś,1
uz,1
por,3
byt,14
ińko,10
juch,12
rżę,6
wwieź,12
pekty,18
przeniel,8
słać,10
on,1
ahiną,11
pytię,10
teje,9
endoiia,8
obnóe,22
ośle,8
gad,5
zise,2
czaszy,7
pia,2
burawe,6
jucho,1
wolińko,3
oazoe,4
da,3
as,1
da,6
my,2
as,2
we,1
pf,5
on,2
mikw,4
tartkm,13
owem,8
afty,8
lues,8
skąpia,10
pety,9
mh,3
zyg,5
lez,8
bendr,7
wiocen,9
prężneo,15
omyj,12
uśp,17
haszoi,21
surę,15
zoli,4
iw,1
wodniak,7
awena,2
spaz,3
nam,3
uśpły,3
zmiół,10
ciapa,5
do,2
do,2
we,2
aa,1
in,1
aj,3
we,0
esic,4
pęczki,26
glińach,17
opytas,7
mastify,12
inszoć,15
legną,33
bilbi,13
as,1
we,1
kiczó,12
udaneu,13
szajrw,6
dom,8
zip,6
kije,6
trzonkoa,9
sowico,6
pawie,7
ergaty,7
ergatyy,2
alpem,6
dan,1
as,1
iw,1
eś,5
we,1
erc,2
mh,6
dane,1
szcmiel,68
kaikem,8
wziewana,57
mentork,18
zgada,10
wpił,21
łeż,6
liż,3
top,3
błaźisz,18
kpć,14
drapac,12
nęda,7
taony,12
caso,2
eś,1
oguiana,9
rygluą,13
zejśie,11
syńia,10
chewę,9
erb,4
tó,5
as,1
mu,2
as,1
in,1
do,2
czy,1
tyj,5
pss,8
wysade,7
dnieć,12
gibce,12
nimfy,33
wońk,10
cery,8
żąde,11
tanin,7
jakl,18
jorah,8
suwy,15
nadrośe,9
złe,8
mh,3
we,1
bioz,1
uwadze,8
karaga,7
żeła,5
knypoi,8
stilb,8
zacin,5
pęz,6
do,1
eś,0
do,1
ku,2
in,1
aa,1
my,2
mh,2
bio,1
wył,12
skabey,8
wandą,9
ramotk,10
łuszz,6
etyne,21
holm,18
jolk,6
zasiąź,18
astrowc,21
gapca,24
zlizań,24
wgarę,10
webfn,9
diasi,5
rypie,6
pety,5
łuszzże,6
czułe,11
łajn,2
umór,8
aa,2
aj,6
on,1
we,1
lez,3
in,2
woź,22
szlom,6
dbń,9
ektaa,15
cisk,5
tatra,10
dyra,5
opar,6
we,1
we,2
aa,2
zięce,9
dożyjie,14
konałe,14
fany,13
rąbany,11
pia,3
zabulil,11
szpryc,9
szpryceki,2
ćmioa,22
doiłbm,4
rzną,3
tó,5
eś,5
mu,5
lez,3
do,2
on,1
son,1
aa,1
kie,3
jog,12
hyzi,14
asurmi,11
żegada,17
zrąań,13
cytrom,11
bóś,15
mejl,13
wpó,3
iwin,3
ny,2
osłe,11
ślazie,12
cycac,7
woź,19
pinesę,7
wkrelić,13
sriach,6
bekase,7
kłapcimi,7
solę,9
azane,5
titro,5
mejlu,3
yor,4
as,1
da,2
mh,3
ny,1
da,2
in,1
dan,1
shoj,14
wlana,6
oćwczyć,17
homaga,16
plag,14
prycz,21
zstęna,8
wesee,6
do,2
łzow,11
lnoymi,24
kwiató,16
pożg,8
paź,10
syriks,6
eee,4
butany,11
grond,7
mozoł,7
ucz,3
asti,5
zaśwń,14
da,2
uz,3
da,1
as,1
pf,5
aj,3
iw,1
eee,2
pomb,16
zmówce,10
fazeda,11
zliż,16
łajez,8
woź,9
ginam,7
as,1
pelitoe,13
etosah,16
okweiane,71
wałoy,7
pań,13
sanz,8
on,1
niweluę,13
kukawi,6
zip,2
uwit,6
tyj,2
syt,2
da,6
ku,2
aa,1
as,1
do,2
tor,2
in,1
czczeg,20
orzynń,19
udojow,14
ćkł,14
nif,17
tlą,8
febry,7
pean,15
mh,2
zipce,5
wałęa,10
diaku,8
kuźi,10
ditó,8
łozy,15
dande,3
ewe,1
lighowi,10
krasnau,21
morową,10
ptast,7
nyżm,9
omowa,4
dbń,3
hiw,9
eś,10
we,1
ku,5
aa,2
in,1
aj,3
iw,1
iw,1
my,2
zewe,1
czołu,20
kuoę,8
chanee,7
herbicd,14
jaźwy,14
osądzim,14
gaż,8
jote,4
son,2
naciosz,7
wiró,12
filtze,10
wije,10
paź,9
ubar,24
we,1
łaziaką,14
lianai,8
pyli,6
peakw,4
pozo,4
ryde,4
ewe,1
as,3
mh,2
on,1
da,2
on,1
eś,10
met,4
monstre,68
tęgaą,19
weźij,14
licenyj,13
tikoy,14
puh,7
nipę,8
tó,5
do,1
biofizk,13
garnca,21
wińs,16
ulotko,9
marli,6
obłap,8
dan,3
nabiera,6
nabierak,2
wożeia,14
dywagu,9
macism,7
odry,5
aa,2
ny,2
eś,5
iw,1
we,1
ził,4
hiw,3
buu,18
baźe,10
rect,7
wnęk,12
tlą,12
aułw,11
morzm,15
waru,2
erygue,13
doktoa,11
obspaani,60
zadmi,10
ichths,27
dwói,13
piwna,2
zaryła,8
szkoloy,8
wylegne,12
niżes,9
zieli,5
kitajc,10
kia,1
da,2
as,1
iw,1
pf,7
my,4
we,1
aj,6
ny,1
do,1
wparły,20
pijałe,12
istmy,12
drwaloe,12
debajm,8
landa,15
kobac,7
eś,5
suitm,11
in,6
woź,11
chlańk,24
zoli,3
ans,2
skręcić,7
epifiz,9
regesu,9
orzynń,13
wpijałe,1
rdzay,3
mance,7
pytą,18
kic,4
łeż,8
aj,3
ręc,6
mh,3
met,4
kręci,3
rekuzi,18
łóze,9
neni,3
bagry,18
pank,10
ewe,2
zooi,3
ćkm,8
dal,3
haiki,6
nialą,14
fasj,8
we,1
gabr,14
eś,5
szlom,10
ewe,3
on,2
hatiro,8
grałay,7
łyp,4
udy,5
ird,3
wams,8
aa,1
as,1
opy,3
on,2
zima,4
we,1
japai,16
tarlic,12
jakowy,7
heksagoy,63
izan,12
możene,10
chn,4
beczan,9
potaj,11
wiąd,27
wedle,7
czy,12
ird,6
ras,2
wymocę,11
otańzmy,14
syfieie,10
gasnł,8
bronu,9
pan,3
we,1
mu,3
as,1
on,1
eś,5
pank,2
emirz,12
wtryńy,16
alowcm,7
oścai,10
łeż,12
zakupe,14
akci,12
ued,5
hiw,3
mielonc,8
sepia,18
hyćę,15
ditó,20
bondy,11
stalak,8
tor,3
ćmije,12
nożngo,11
urywaci,7
karny,4
rząpe,10
iw,0
we,1
ny,1
on,1
uz,3
aj,3
we,1
son,1
dłoi,14
tjndi,11
cong,6
czesz,5
ćkł,11
wieź,11
soby,14
we,2
polifono,61
oczarc,7
sztalg,18
getró,10
mecy,9
alit,10
iw,1
in,1
rentue,13
menażą,19
imprai,18
ihrmu,5
hiśie,15
okasasz,6
dane,1
ku,2
aa,2
mu,3
my,2
as,1
aa,3
my,2
